signal,unit,pair,hole_A,hole_B,factor_type,diff_params,drilling_speed_A,rotation_speed_A,drilling_speed_B,rotation_speed_B,stage,hole,role,N_samples,mean,std,rms,variance,skewness,kurtosis_excess,minimum,maximum,peak_to_peak,p10,p25,p50,p75,p90,iqr,coeff_variation,crest_factor,shape_factor,impulse_factor,autocorr_lag1,autocorr_lag5,first_diff_variance,first_diff_mean_abs,smoothness_index,zero_crossing_rate,mean_crossing_rate,dominant_freq,dominant_freq_power,spectral_centroid,spectral_variance,spectral_skewness,spectral_kurtosis,spectral_entropy,spectral_rolloff_85,band_energy_low_pct,band_energy_mid_pct,band_energy_high_pct,dc_ratio,sample_entropy
pressure,MPa,Case-2RCT_2-1 vs Case-2RCT_2-2,Case-2RCT_2-1,Case-2RCT_2-2,双因素,,,,,,original,Case-2RCT_2-1,A,60,0.918168,0.05579,0.919833,0.003113,0.008434,-0.370136,0.795147,1.043719,0.248572,0.848922,0.880599,0.915849,0.954537,0.998366,0.073938,0.060762,1.134683,1.001814,1.136741,0.061218,-0.16774,0.005849,0.059991,1.879183,0.491525,0.491525,0.3,0.104106,0.248066,0.026444,0.037662,-1.422402,4.362576,0.45,26.745588,18.993592,54.26082,0.99812,1.94591
pressure,MPa,Case-2RCT_2-1 vs Case-2RCT_2-2,Case-2RCT_2-1,Case-2RCT_2-2,双因素,,,,,,original,Case-2RCT_2-2,B,60,1.010428,0.062906,1.012352,0.003957,0.353593,0.437301,0.870148,1.188251,0.318103,0.939967,0.97125,1.004326,1.045454,1.084348,0.074204,0.062256,1.173753,1.001904,1.175988,-0.068623,-0.16588,0.008204,0.072041,2.073339,0.576271,0.576271,0.266667,0.084907,0.262835,0.021818,0.098883,-1.336377,4.483961,0.45,17.430311,31.759195,50.810493,0.998094,
pressure,MPa,Case-2RCT_2-1 vs Case-2RCT_2-2,Case-2RCT_2-1,Case-2RCT_2-2,双因素,,,,,,final_comm,Case-2RCT_2-1,A,60,0.864156,0.026784,0.864564,0.000717,-0.154584,-0.294888,0.80311,0.919501,0.116391,0.830575,0.846085,0.865745,0.877816,0.901351,0.031732,0.030995,1.063544,1.000472,1.064046,0.157531,0.059208,0.001205,0.028433,1.679152,0.525424,0.525424,0.033333,0.132592,0.224113,0.024888,0.215479,-1.461143,4.253235,0.416667,25.880756,30.178213,43.941031,0.999521,
pressure,MPa,Case-2RCT_2-1 vs Case-2RCT_2-2,Case-2RCT_2-1,Case-2RCT_2-2,双因素,,,,,,final_comm,Case-2RCT_2-2,B,60,0.915746,0.027841,0.916162,0.000775,0.118169,-0.16002,0.854202,0.987075,0.132873,0.878408,0.897705,0.916108,0.934996,0.946743,0.037291,0.030402,1.077403,1.000454,1.077892,0.071409,0.063083,0.001387,0.029493,1.789215,0.440678,0.440678,0.183333,0.111985,0.233442,0.02131,0.366965,-1.370697,4.319702,0.433333,16.623795,45.847741,37.528464,0.999545,
pressure,MPa,Case-2RCT_2-1 vs Case-2RCT_2-3,Case-2RCT_2-1,Case-2RCT_2-3,双因素,,,,,,original,Case-2RCT_2-1,A,60,0.918168,0.05579,0.919833,0.003113,0.008434,-0.370136,0.795147,1.043719,0.248572,0.848922,0.880599,0.915849,0.954537,0.998366,0.073938,0.060762,1.134683,1.001814,1.136741,0.061218,-0.16774,0.005849,0.059991,1.879183,0.491525,0.491525,0.3,0.104106,0.248066,0.026444,0.037662,-1.422402,4.362576,0.45,26.745588,18.993592,54.26082,0.99812,1.94591
pressure,MPa,Case-2RCT_2-1 vs Case-2RCT_2-3,Case-2RCT_2-1,Case-2RCT_2-3,双因素,,,,,,original,Case-2RCT_2-3,B,60,1.110853,0.066922,1.112834,0.004479,0.320849,-0.428876,0.986051,1.25414,0.268089,1.033045,1.067531,1.105646,1.150489,1.199882,0.082958,0.060243,1.126979,1.001783,1.128988,0.170002,0.251916,0.00742,0.070946,1.656707,0.508475,0.508475,0.2,0.160687,0.218668,0.018959,0.492328,-0.801382,4.184368,0.4,19.786483,46.440383,33.773134,0.998205,1.94591
pressure,MPa,Case-2RCT_2-1 vs Case-2RCT_2-3,Case-2RCT_2-1,Case-2RCT_2-3,双因素,,,,,,final_comm,Case-2RCT_2-1,A,60,0.865696,0.023564,0.866011,0.000555,0.073799,-0.505961,0.816827,0.912584,0.095757,0.835639,0.84777,0.864809,0.879517,0.898968,0.031747,0.027219,1.053779,1.000364,1.054162,0.382906,-0.236183,0.000651,0.019954,1.172904,0.457627,0.457627,0.033333,0.173617,0.195157,0.02543,0.665397,-0.875466,4.02637,0.45,35.149024,28.231438,36.619538,0.999621,1.99243
pressure,MPa,Case-2RCT_2-1 vs Case-2RCT_2-3,Case-2RCT_2-1,Case-2RCT_2-3,双因素,,,,,,final_comm,Case-2RCT_2-3,B,60,0.975932,0.029996,0.976385,0.0009,0.08941,-0.184693,0.899517,1.043555,0.144039,0.935226,0.959014,0.971368,0.994388,1.018826,0.035374,0.030736,1.068795,1.000464,1.069291,0.305146,0.277278,0.001219,0.027849,1.355176,0.40678,0.40678,0.2,0.236127,0.191165,0.012655,0.912264,1.031599,3.810219,0.25,16.017359,60.83218,23.150462,0.999533,2.833213
pressure,MPa,Case-2RCT_2-1 vs Case-2RCT_2-4,Case-2RCT_2-1,Case-2RCT_2-4,双因素,,,,,,original,Case-2RCT_2-1,A,60,0.918168,0.05579,0.919833,0.003113,0.008434,-0.370136,0.795147,1.043719,0.248572,0.848922,0.880599,0.915849,0.954537,0.998366,0.073938,0.060762,1.134683,1.001814,1.136741,0.061218,-0.16774,0.005849,0.059991,1.879183,0.491525,0.491525,0.3,0.104106,0.248066,0.026444,0.037662,-1.422402,4.362576,0.45,26.745588,18.993592,54.26082,0.99812,1.94591
pressure,MPa,Case-2RCT_2-1 vs Case-2RCT_2-4,Case-2RCT_2-1,Case-2RCT_2-4,双因素,,,,,,original,Case-2RCT_2-4,B,60,1.231199,0.064142,1.23284,0.004114,0.425679,-0.269343,1.095962,1.393958,0.297996,1.160875,1.182045,1.221056,1.271106,1.320035,0.089061,0.052097,1.130689,1.001334,1.132196,0.050111,0.04762,0.007688,0.068387,1.868735,0.457627,0.457627,0.35,0.163982,0.242435,0.014274,0.005888,-1.348583,4.122388,0.383333,11.036705,40.537323,48.425972,0.998667,2.639057
pressure,MPa,Case-2RCT_2-1 vs Case-2RCT_2-4,Case-2RCT_2-1,Case-2RCT_2-4,双因素,,,,,,final_comm,Case-2RCT_2-1,A,60,0.835256,0.023939,0.835593,0.000573,0.027563,-0.368362,0.784567,0.88839,0.103822,0.806563,0.818362,0.835405,0.847916,0.870067,0.029554,0.028661,1.063184,1.000404,1.063614,0.106121,-0.200315,0.000997,0.024265,1.739727,0.457627,0.457627,0.45,0.10537,0.255681,0.025324,0.248171,-1.42758,4.244981,0.45,15.720675,37.379753,46.899572,0.999577,2.302585
pressure,MPa,Case-2RCT_2-1 vs Case-2RCT_2-4,Case-2RCT_2-1,Case-2RCT_2-4,双因素,,,,,,final_comm,Case-2RCT_2-4,B,60,0.936496,0.028876,0.936933,0.000834,0.387546,-0.514198,0.884382,1.006781,0.122399,0.900045,0.911522,0.935426,0.95439,0.978532,0.042869,0.030834,1.074549,1.000467,1.075051,0.335362,0.166443,0.001082,0.02592,1.297763,0.389831,0.389831,0.183333,0.272937,0.19868,0.010131,1.188742,0.709626,3.690435,0.3,6.452593,73.727586,19.819821,0.999532,1.673976
pressure,MPa,Case-2RCT_2-1 vs Case-2RCT_2-5,Case-2RCT_2-1,Case-2RCT_2-5,双因素,,,,,,original,Case-2RCT_2-1,A,55,0.923273,0.05394,0.924819,0.00291,0.026106,-0.38837,0.797631,1.043719,0.246089,0.861772,0.884941,0.918072,0.95598,1.000247,0.071039,0.058423,1.128566,1.001674,1.130455,-0.050931,-0.205943,0.006216,0.061977,2.136307,0.518519,0.518519,0.309091,0.15973,0.25824,0.024509,-0.144511,-1.408664,4.204433,0.436364,26.505163,13.76753,59.727307,0.998327,2.140066
pressure,MPa,Case-2RCT_2-1 vs Case-2RCT_2-5,Case-2RCT_2-1,Case-2RCT_2-5,双因素,,,,,,original,Case-2RCT_2-5,B,55,1.323177,0.062866,1.324643,0.003952,0.41606,-0.332284,1.205497,1.474584,0.269086,1.261819,1.277282,1.318619,1.364375,1.421521,0.087093,0.047511,1.113194,1.001108,1.114427,0.203238,-0.115442,0.006361,0.064809,1.609555,0.388889,0.388889,0.236364,0.183835,0.21905,0.013836,0.757073,-0.228681,4.122471,0.363636,8.765504,62.849642,28.384854,0.998893,2.70805
pressure,MPa,Case-2RCT_2-1 vs Case-2RCT_2-5,Case-2RCT_2-1,Case-2RCT_2-5,双因素,,,,,,final_comm,Case-2RCT_2-1,A,55,0.826268,0.020868,0.826527,0.000435,0.302788,-0.609257,0.783791,0.87012,0.08633,0.801822,0.809901,0.824075,0.840751,0.856368,0.03085,0.025255,1.052743,1.000313,1.053072,0.191081,-0.47611,0.000714,0.021188,1.640688,0.481481,0.481481,0.309091,0.275389,0.212231,0.014193,0.268923,-0.948293,3.7573,0.309091,25.89871,28.964737,45.136553,0.999687,2.014903
pressure,MPa,Case-2RCT_2-1 vs Case-2RCT_2-5,Case-2RCT_2-1,Case-2RCT_2-5,双因素,,,,,,final_comm,Case-2RCT_2-5,B,55,0.923009,0.029215,0.923463,0.000854,0.446694,-0.147775,0.87415,1.00398,0.12983,0.886461,0.904238,0.922726,0.939607,0.965059,0.035369,0.031652,1.08719,1.000492,1.087724,0.316765,-0.100221,0.001189,0.027855,1.393091,0.425926,0.425926,0.109091,0.167644,0.196077,0.008068,0.885153,0.418767,3.805502,0.309091,7.111061,71.749586,21.139353,0.999508,1.609438
pressure,MPa,Case-2RCT_2-1 vs Case-2RCT_2-6,Case-2RCT_2-1,Case-2RCT_2-6,双因素,,,,,,original,Case-2RCT_2-1,A,60,0.918168,0.05579,0.919833,0.003113,0.008434,-0.370136,0.795147,1.043719,0.248572,0.848922,0.880599,0.915849,0.954537,0.998366,0.073938,0.060762,1.134683,1.001814,1.136741,0.061218,-0.16774,0.005849,0.059991,1.879183,0.491525,0.491525,0.3,0.104106,0.248066,0.026444,0.037662,-1.422402,4.362576,0.45,26.745588,18.993592,54.26082,0.99812,1.94591
pressure,MPa,Case-2RCT_2-1 vs Case-2RCT_2-6,Case-2RCT_2-1,Case-2RCT_2-6,双因素,,,,,,original,Case-2RCT_2-6,B,60,1.417456,0.072897,1.419298,0.005314,0.360758,-0.006997,1.264705,1.609514,0.344809,1.318687,1.373127,1.412372,1.462057,1.507325,0.088929,0.051428,1.134021,1.0013,1.135495,0.047496,-0.057699,0.010122,0.076313,1.904777,0.508475,0.508475,0.266667,0.150988,0.243995,0.018345,0.240546,-1.044364,4.273373,0.45,16.164529,32.406803,51.428668,0.998701,2.079442
pressure,MPa,Case-2RCT_2-1 vs Case-2RCT_2-6,Case-2RCT_2-1,Case-2RCT_2-6,双因素,,,,,,final_comm,Case-2RCT_2-1,A,60,0.813257,0.022398,0.81356,0.000502,0.177054,-0.896722,0.772699,0.860021,0.087322,0.785362,0.793115,0.814771,0.827761,0.845122,0.034646,0.027541,1.057108,1.000373,1.057502,0.190204,-0.563382,0.000789,0.022563,1.572507,0.457627,0.457627,0.3,0.220919,0.225639,0.013081,0.34243,-0.642643,3.863839,0.316667,11.721146,38.516861,49.761993,0.999622,1.658228
pressure,MPa,Case-2RCT_2-1 vs Case-2RCT_2-6,Case-2RCT_2-1,Case-2RCT_2-6,双因素,,,,,,final_comm,Case-2RCT_2-6,B,60,0.88461,0.033323,0.885227,0.00111,0.371499,0.335834,0.820201,0.967262,0.147062,0.837521,0.870559,0.883462,0.901045,0.924296,0.030485,0.03767,1.092671,1.000697,1.093433,0.282986,-0.010133,0.001612,0.029335,1.452109,0.440678,0.440678,0.266667,0.146521,0.201136,0.006361,0.652151,1.181728,3.871403,0.266667,8.448772,57.978533,33.572694,0.999303,2.104134
pressure,MPa,Case-2RCT_2-2 vs Case-2RCT_2-3,Case-2RCT_2-2,Case-2RCT_2-3,双因素,,,,,,original,Case-2RCT_2-2,A,60,1.010428,0.062906,1.012352,0.003957,0.353593,0.437301,0.870148,1.188251,0.318103,0.939967,0.97125,1.004326,1.045454,1.084348,0.074204,0.062256,1.173753,1.001904,1.175988,-0.068623,-0.16588,0.008204,0.072041,2.073339,0.576271,0.576271,0.266667,0.084907,0.262835,0.021818,0.098883,-1.336377,4.483961,0.45,17.430311,31.759195,50.810493,0.998094,
pressure,MPa,Case-2RCT_2-2 vs Case-2RCT_2-3,Case-2RCT_2-2,Case-2RCT_2-3,双因素,,,,,,original,Case-2RCT_2-3,B,60,1.110853,0.066922,1.112834,0.004479,0.320849,-0.428876,0.986051,1.25414,0.268089,1.033045,1.067531,1.105646,1.150489,1.199882,0.082958,0.060243,1.126979,1.001783,1.128988,0.170002,0.251916,0.00742,0.070946,1.656707,0.508475,0.508475,0.2,0.160687,0.218668,0.018959,0.492328,-0.801382,4.184368,0.4,19.786483,46.440383,33.773134,0.998205,1.94591
pressure,MPa,Case-2RCT_2-2 vs Case-2RCT_2-3,Case-2RCT_2-2,Case-2RCT_2-3,双因素,,,,,,final_comm,Case-2RCT_2-2,A,60,0.86727,0.025238,0.867631,0.000637,-0.133999,-0.062257,0.797402,0.932181,0.134779,0.835695,0.849389,0.867143,0.886313,0.897741,0.036924,0.0291,1.074399,1.000416,1.074846,0.128785,-0.15338,0.001033,0.025765,1.621744,0.474576,0.474576,0.083333,0.234124,0.218669,0.025031,0.4789,-1.471436,4.001258,0.433333,40.48976,22.282295,37.227946,0.999583,2.484907
pressure,MPa,Case-2RCT_2-2 vs Case-2RCT_2-3,Case-2RCT_2-2,Case-2RCT_2-3,双因素,,,,,,final_comm,Case-2RCT_2-3,B,60,0.901256,0.025842,0.90162,0.000668,0.360852,-0.416827,0.850728,0.958125,0.107397,0.87221,0.881553,0.896635,0.917776,0.936793,0.036223,0.028673,1.06267,1.000404,1.0631,0.006173,0.325978,0.001315,0.028497,1.968702,0.474576,0.474576,0.166667,0.167729,0.245923,0.019335,0.012353,-1.25587,4.155709,0.4,20.026589,32.548686,47.424725,0.999594,1.845827
pressure,MPa,Case-2RCT_2-2 vs Case-2RCT_2-4,Case-2RCT_2-2,Case-2RCT_2-4,双因素,,,,,,original,Case-2RCT_2-2,A,60,1.010428,0.062906,1.012352,0.003957,0.353593,0.437301,0.870148,1.188251,0.318103,0.939967,0.97125,1.004326,1.045454,1.084348,0.074204,0.062256,1.173753,1.001904,1.175988,-0.068623,-0.16588,0.008204,0.072041,2.073339,0.576271,0.576271,0.266667,0.084907,0.262835,0.021818,0.098883,-1.336377,4.483961,0.45,17.430311,31.759195,50.810493,0.998094,
pressure,MPa,Case-2RCT_2-2 vs Case-2RCT_2-4,Case-2RCT_2-2,Case-2RCT_2-4,双因素,,,,,,original,Case-2RCT_2-4,B,60,1.231199,0.064142,1.23284,0.004114,0.425679,-0.269343,1.095962,1.393958,0.297996,1.160875,1.182045,1.221056,1.271106,1.320035,0.089061,0.052097,1.130689,1.001334,1.132196,0.050111,0.04762,0.007688,0.068387,1.868735,0.457627,0.457627,0.35,0.163982,0.242435,0.014274,0.005888,-1.348583,4.122388,0.383333,11.036705,40.537323,48.425972,0.998667,2.639057
pressure,MPa,Case-2RCT_2-2 vs Case-2RCT_2-4,Case-2RCT_2-2,Case-2RCT_2-4,双因素,,,,,,final_comm,Case-2RCT_2-2,A,60,0.847021,0.028562,0.847494,0.000816,0.431169,0.363456,0.792733,0.935285,0.142553,0.814761,0.827487,0.847756,0.862646,0.880154,0.035159,0.03372,1.103589,1.000559,1.104206,0.148484,0.002115,0.001338,0.0296,1.639576,0.474576,0.474576,0.183333,0.145735,0.217715,0.015269,0.66005,-0.713817,4.095411,0.416667,18.573745,50.017812,31.408443,0.999441,2.302585
pressure,MPa,Case-2RCT_2-2 vs Case-2RCT_2-4,Case-2RCT_2-2,Case-2RCT_2-4,双因素,,,,,,final_comm,Case-2RCT_2-4,B,60,0.901219,0.029276,0.901687,0.000857,0.457376,-0.316793,0.847114,0.9716,0.124487,0.86736,0.882397,0.896697,0.920176,0.946026,0.037779,0.032485,1.077537,1.000519,1.078096,0.362792,0.185392,0.001059,0.025187,1.235046,0.355932,0.355932,0.183333,0.283527,0.192127,0.010853,1.067609,0.47742,3.592215,0.3,15.307776,65.289254,19.40297,0.999481,1.832581
pressure,MPa,Case-2RCT_2-2 vs Case-2RCT_2-5,Case-2RCT_2-2,Case-2RCT_2-5,双因素,,,,,,original,Case-2RCT_2-2,A,55,1.012003,0.063907,1.013982,0.004084,0.309812,0.438791,0.870148,1.188251,0.318103,0.938049,0.972204,1.01578,1.046711,1.085468,0.074507,0.063149,1.171866,1.001956,1.174158,-0.090409,-0.154987,0.008644,0.073846,2.116507,0.574074,0.574074,0.490909,0.100409,0.27865,0.021922,-0.028213,-1.255914,4.41989,0.472727,12.785346,31.376634,55.83802,0.998046,
pressure,MPa,Case-2RCT_2-2 vs Case-2RCT_2-5,Case-2RCT_2-2,Case-2RCT_2-5,双因素,,,,,,original,Case-2RCT_2-5,B,55,1.323177,0.062866,1.324643,0.003952,0.41606,-0.332284,1.205497,1.474584,0.269086,1.261819,1.277282,1.318619,1.364375,1.421521,0.087093,0.047511,1.113194,1.001108,1.114427,0.203238,-0.115442,0.006361,0.064809,1.609555,0.388889,0.388889,0.236364,0.183835,0.21905,0.013836,0.757073,-0.228681,4.122471,0.363636,8.765504,62.849642,28.384854,0.998893,2.70805
pressure,MPa,Case-2RCT_2-2 vs Case-2RCT_2-5,Case-2RCT_2-2,Case-2RCT_2-5,双因素,,,,,,final_comm,Case-2RCT_2-2,A,55,0.844149,0.024307,0.844493,0.000591,0.123935,0.631931,0.786311,0.915607,0.129296,0.813419,0.829713,0.844298,0.857489,0.871247,0.027776,0.028795,1.08421,1.000407,1.084651,0.327199,0.164037,0.000769,0.021896,1.302249,0.407407,0.407407,0.2,0.17913,0.191805,0.006955,0.805493,0.882951,3.954955,0.272727,11.251663,71.184562,17.563776,0.999593,2.159484
pressure,MPa,Case-2RCT_2-2 vs Case-2RCT_2-5,Case-2RCT_2-2,Case-2RCT_2-5,双因素,,,,,,final_comm,Case-2RCT_2-5,B,55,0.915956,0.030927,0.916469,0.000956,0.433454,-0.26275,0.864985,0.998543,0.133557,0.877948,0.892393,0.916045,0.929855,0.960358,0.037462,0.033764,1.089555,1.000559,1.090164,0.341052,0.018538,0.001281,0.02847,1.339781,0.351852,0.351852,0.236364,0.227241,0.191218,0.006022,0.57128,-0.088839,3.651604,0.254545,8.311506,76.688131,15.000364,0.999441,2.302585
pressure,MPa,Case-2RCT_2-2 vs Case-2RCT_2-6,Case-2RCT_2-2,Case-2RCT_2-6,双因素,,,,,,original,Case-2RCT_2-2,A,60,1.010428,0.062906,1.012352,0.003957,0.353593,0.437301,0.870148,1.188251,0.318103,0.939967,0.97125,1.004326,1.045454,1.084348,0.074204,0.062256,1.173753,1.001904,1.175988,-0.068623,-0.16588,0.008204,0.072041,2.073339,0.576271,0.576271,0.266667,0.084907,0.262835,0.021818,0.098883,-1.336377,4.483961,0.45,17.430311,31.759195,50.810493,0.998094,
pressure,MPa,Case-2RCT_2-2 vs Case-2RCT_2-6,Case-2RCT_2-2,Case-2RCT_2-6,双因素,,,,,,original,Case-2RCT_2-6,B,60,1.417456,0.072897,1.419298,0.005314,0.360758,-0.006997,1.264705,1.609514,0.344809,1.318687,1.373127,1.412372,1.462057,1.507325,0.088929,0.051428,1.134021,1.0013,1.135495,0.047496,-0.057699,0.010122,0.076313,1.904777,0.508475,0.508475,0.266667,0.150988,0.243995,0.018345,0.240546,-1.044364,4.273373,0.45,16.164529,32.406803,51.428668,0.998701,2.079442
pressure,MPa,Case-2RCT_2-2 vs Case-2RCT_2-6,Case-2RCT_2-2,Case-2RCT_2-6,双因素,,,,,,final_comm,Case-2RCT_2-2,A,60,0.811273,0.028609,0.811769,0.000818,0.00401,-0.538494,0.752521,0.878676,0.126155,0.773694,0.793047,0.808714,0.830822,0.848145,0.037774,0.035264,1.082421,1.000611,1.083082,-0.037334,-0.232898,0.001644,0.034108,2.008349,0.474576,0.474576,0.483333,0.131447,0.26261,0.026416,0.290991,-1.652557,4.054714,0.466667,16.106291,42.427783,41.465927,0.999386,3.091042
pressure,MPa,Case-2RCT_2-2 vs Case-2RCT_2-6,Case-2RCT_2-2,Case-2RCT_2-6,双因素,,,,,,final_comm,Case-2RCT_2-6,B,60,0.843515,0.036101,0.844275,0.001303,0.307044,0.643824,0.765764,0.947098,0.181334,0.804381,0.828313,0.838304,0.862413,0.888404,0.0341,0.042798,1.121789,1.0009,1.122799,0.054025,-0.02618,0.002479,0.037801,1.902408,0.491525,0.491525,0.45,0.111482,0.249168,0.016524,0.512808,-0.976658,4.174638,0.45,9.647774,45.679073,44.673153,0.9991,1.94591
pressure,MPa,Case-2RCT_2-3 vs Case-2RCT_2-4,Case-2RCT_2-3,Case-2RCT_2-4,双因素,,,,,,original,Case-2RCT_2-3,A,60,1.110853,0.066922,1.112834,0.004479,0.320849,-0.428876,0.986051,1.25414,0.268089,1.033045,1.067531,1.105646,1.150489,1.199882,0.082958,0.060243,1.126979,1.001783,1.128988,0.170002,0.251916,0.00742,0.070946,1.656707,0.508475,0.508475,0.2,0.160687,0.218668,0.018959,0.492328,-0.801382,4.184368,0.4,19.786483,46.440383,33.773134,0.998205,1.94591
pressure,MPa,Case-2RCT_2-3 vs Case-2RCT_2-4,Case-2RCT_2-3,Case-2RCT_2-4,双因素,,,,,,original,Case-2RCT_2-4,B,60,1.231199,0.064142,1.23284,0.004114,0.425679,-0.269343,1.095962,1.393958,0.297996,1.160875,1.182045,1.221056,1.271106,1.320035,0.089061,0.052097,1.130689,1.001334,1.132196,0.050111,0.04762,0.007688,0.068387,1.868735,0.457627,0.457627,0.35,0.163982,0.242435,0.014274,0.005888,-1.348583,4.122388,0.383333,11.036705,40.537323,48.425972,0.998667,2.639057
pressure,MPa,Case-2RCT_2-3 vs Case-2RCT_2-4,Case-2RCT_2-3,Case-2RCT_2-4,双因素,,,,,,final_comm,Case-2RCT_2-3,A,60,0.884801,0.033525,0.885426,0.001124,-0.010861,-0.246299,0.796509,0.954662,0.158152,0.84844,0.863641,0.882707,0.907573,0.928901,0.043932,0.03789,1.078195,1.000706,1.078956,0.287534,0.19052,0.001603,0.032267,1.426667,0.440678,0.440678,0.2,0.230738,0.200996,0.012906,1.09673,0.855433,3.77708,0.3,12.090905,64.396843,23.512251,0.99929,2.014903
pressure,MPa,Case-2RCT_2-3 vs Case-2RCT_2-4,Case-2RCT_2-3,Case-2RCT_2-4,双因素,,,,,,final_comm,Case-2RCT_2-4,B,60,0.919343,0.028747,0.919785,0.000826,0.356373,-0.458238,0.865145,0.990083,0.124938,0.883911,0.898097,0.91761,0.936679,0.959506,0.038582,0.03127,1.076428,1.000481,1.076946,0.431735,0.056214,0.00091,0.024088,1.101111,0.355932,0.355932,0.183333,0.226523,0.178117,0.009598,1.314971,1.345164,3.668633,0.25,15.04944,69.407105,15.543455,0.999519,
pressure,MPa,Case-2RCT_2-3 vs Case-2RCT_2-5,Case-2RCT_2-3,Case-2RCT_2-5,双因素,,,,,,original,Case-2RCT_2-3,A,55,1.111897,0.06878,1.113984,0.004731,0.299466,-0.532741,0.986051,1.25414,0.268089,1.033852,1.066146,1.105572,1.154407,1.210824,0.088261,0.061858,1.125815,1.001877,1.127928,0.185774,0.227659,0.007749,0.07243,1.638101,0.481481,0.481481,0.2,0.188803,0.214938,0.019561,0.543694,-0.808957,4.07541,0.418182,21.928173,46.225447,31.846381,0.998125,2.014903
pressure,MPa,Case-2RCT_2-3 vs Case-2RCT_2-5,Case-2RCT_2-3,Case-2RCT_2-5,双因素,,,,,,original,Case-2RCT_2-5,B,55,1.323177,0.062866,1.324643,0.003952,0.41606,-0.332284,1.205497,1.474584,0.269086,1.261819,1.277282,1.318619,1.364375,1.421521,0.087093,0.047511,1.113194,1.001108,1.114427,0.203238,-0.115442,0.006361,0.064809,1.609555,0.388889,0.388889,0.236364,0.183835,0.21905,0.013836,0.757073,-0.228681,4.122471,0.363636,8.765504,62.849642,28.384854,0.998893,2.70805
pressure,MPa,Case-2RCT_2-3 vs Case-2RCT_2-5,Case-2RCT_2-3,Case-2RCT_2-5,双因素,,,,,,final_comm,Case-2RCT_2-3,A,55,0.851961,0.031234,0.852523,0.000976,0.071732,-0.244086,0.781507,0.924384,0.142878,0.815893,0.831987,0.84989,0.869833,0.897623,0.037846,0.036662,1.084292,1.00066,1.085008,0.316831,0.388762,0.001341,0.028902,1.374407,0.407407,0.407407,0.2,0.303244,0.194896,0.006993,0.97868,2.060015,3.319659,0.254545,11.023972,69.438363,19.537666,0.999341,2.484907
pressure,MPa,Case-2RCT_2-3 vs Case-2RCT_2-5,Case-2RCT_2-3,Case-2RCT_2-5,双因素,,,,,,final_comm,Case-2RCT_2-5,B,55,0.889932,0.027012,0.890335,0.00073,0.348021,-0.087205,0.840118,0.965495,0.125376,0.855716,0.873643,0.887784,0.905761,0.923917,0.032118,0.030353,1.084418,1.000452,1.084908,0.27029,0.06397,0.001081,0.026832,1.481057,0.462963,0.462963,0.236364,0.223703,0.205015,0.007716,0.761808,0.647389,3.778005,0.309091,9.615453,69.233711,21.150837,0.999548,1.845827
pressure,MPa,Case-2RCT_2-3 vs Case-2RCT_2-6,Case-2RCT_2-3,Case-2RCT_2-6,双因素,,,,,,original,Case-2RCT_2-3,A,60,1.110853,0.066922,1.112834,0.004479,0.320849,-0.428876,0.986051,1.25414,0.268089,1.033045,1.067531,1.105646,1.150489,1.199882,0.082958,0.060243,1.126979,1.001783,1.128988,0.170002,0.251916,0.00742,0.070946,1.656707,0.508475,0.508475,0.2,0.160687,0.218668,0.018959,0.492328,-0.801382,4.184368,0.4,19.786483,46.440383,33.773134,0.998205,1.94591
pressure,MPa,Case-2RCT_2-3 vs Case-2RCT_2-6,Case-2RCT_2-3,Case-2RCT_2-6,双因素,,,,,,original,Case-2RCT_2-6,B,60,1.417456,0.072897,1.419298,0.005314,0.360758,-0.006997,1.264705,1.609514,0.344809,1.318687,1.373127,1.412372,1.462057,1.507325,0.088929,0.051428,1.134021,1.0013,1.135495,0.047496,-0.057699,0.010122,0.076313,1.904777,0.508475,0.508475,0.266667,0.150988,0.243995,0.018345,0.240546,-1.044364,4.273373,0.45,16.164529,32.406803,51.428668,0.998701,2.079442
pressure,MPa,Case-2RCT_2-3 vs Case-2RCT_2-6,Case-2RCT_2-3,Case-2RCT_2-6,双因素,,,,,,final_comm,Case-2RCT_2-3,A,60,0.820153,0.032233,0.820776,0.001039,0.159777,-0.444048,0.75336,0.891981,0.138622,0.784747,0.797184,0.816571,0.843064,0.856816,0.045881,0.039301,1.086754,1.000759,1.087579,0.378456,0.293721,0.001298,0.029489,1.248956,0.372881,0.372881,0.2,0.282842,0.182542,0.005664,1.036841,2.817905,3.360136,0.25,8.517899,75.675775,15.806325,0.99924,
pressure,MPa,Case-2RCT_2-3 vs Case-2RCT_2-6,Case-2RCT_2-3,Case-2RCT_2-6,双因素,,,,,,final_comm,Case-2RCT_2-6,B,60,0.845058,0.034146,0.845736,0.001166,0.318194,0.366145,0.77514,0.930199,0.155059,0.795389,0.831917,0.843416,0.86348,0.883787,0.031563,0.040407,1.09987,1.000802,1.100753,0.313282,-0.01368,0.001629,0.029611,1.397522,0.40678,0.40678,0.266667,0.140759,0.19538,0.006015,0.598689,1.082975,3.837275,0.266667,9.735983,58.991225,31.272792,0.999198,1.634131
pressure,MPa,Case-2RCT_2-4 vs Case-2RCT_2-5,Case-2RCT_2-4,Case-2RCT_2-5,双因素,,,,,,original,Case-2RCT_2-4,A,55,1.229539,0.065387,1.231244,0.004275,0.445874,-0.301757,1.095962,1.393958,0.297996,1.160689,1.178672,1.220341,1.272837,1.316271,0.094165,0.05318,1.132154,1.001387,1.133725,0.006589,0.060565,0.008136,0.071314,1.903065,0.462963,0.462963,0.181818,0.146439,0.258698,0.013483,-0.16982,-1.21685,4.167263,0.381818,10.479329,37.913006,51.607665,0.998614,2.70805
pressure,MPa,Case-2RCT_2-4 vs Case-2RCT_2-5,Case-2RCT_2-4,Case-2RCT_2-5,双因素,,,,,,original,Case-2RCT_2-5,B,55,1.323177,0.062866,1.324643,0.003952,0.41606,-0.332284,1.205497,1.474584,0.269086,1.261819,1.277282,1.318619,1.364375,1.421521,0.087093,0.047511,1.113194,1.001108,1.114427,0.203238,-0.115442,0.006361,0.064809,1.609555,0.388889,0.388889,0.236364,0.183835,0.21905,0.013836,0.757073,-0.228681,4.122471,0.363636,8.765504,62.849642,28.384854,0.998893,2.70805
pressure,MPa,Case-2RCT_2-4 vs Case-2RCT_2-5,Case-2RCT_2-4,Case-2RCT_2-5,双因素,,,,,,final_comm,Case-2RCT_2-4,A,55,0.923064,0.028016,0.923481,0.000785,0.189248,-0.561894,0.866,0.984513,0.118513,0.885617,0.905875,0.919847,0.944106,0.961186,0.038232,0.030351,1.066089,1.000452,1.066571,0.332919,0.244276,0.000969,0.026617,1.234272,0.388889,0.388889,0.181818,0.376269,0.205716,0.006732,1.069543,2.118594,3.391032,0.254545,9.08949,71.955623,18.954887,0.999548,2.197225
pressure,MPa,Case-2RCT_2-4 vs Case-2RCT_2-5,Case-2RCT_2-4,Case-2RCT_2-5,双因素,,,,,,final_comm,Case-2RCT_2-5,B,55,0.950714,0.029452,0.951162,0.000867,0.203341,-0.573858,0.896796,1.019517,0.122721,0.91211,0.928216,0.951434,0.96643,0.993006,0.038214,0.030979,1.071865,1.000471,1.07237,0.166202,0.118426,0.001456,0.032953,1.678331,0.5,0.5,0.236364,0.34489,0.22822,0.010555,1.020109,1.030588,3.546567,0.309091,5.802278,73.19929,20.998432,0.999529,2.639057
pressure,MPa,Case-2RCT_2-4 vs Case-2RCT_2-6,Case-2RCT_2-4,Case-2RCT_2-6,双因素,,,,,,original,Case-2RCT_2-4,A,60,1.231199,0.064142,1.23284,0.004114,0.425679,-0.269343,1.095962,1.393958,0.297996,1.160875,1.182045,1.221056,1.271106,1.320035,0.089061,0.052097,1.130689,1.001334,1.132196,0.050111,0.04762,0.007688,0.068387,1.868735,0.457627,0.457627,0.35,0.163982,0.242435,0.014274,0.005888,-1.348583,4.122388,0.383333,11.036705,40.537323,48.425972,0.998667,2.639057
pressure,MPa,Case-2RCT_2-4 vs Case-2RCT_2-6,Case-2RCT_2-4,Case-2RCT_2-6,双因素,,,,,,original,Case-2RCT_2-6,B,60,1.417456,0.072897,1.419298,0.005314,0.360758,-0.006997,1.264705,1.609514,0.344809,1.318687,1.373127,1.412372,1.462057,1.507325,0.088929,0.051428,1.134021,1.0013,1.135495,0.047496,-0.057699,0.010122,0.076313,1.904777,0.508475,0.508475,0.266667,0.150988,0.243995,0.018345,0.240546,-1.044364,4.273373,0.45,16.164529,32.406803,51.428668,0.998701,2.079442
pressure,MPa,Case-2RCT_2-4 vs Case-2RCT_2-6,Case-2RCT_2-4,Case-2RCT_2-6,双因素,,,,,,final_comm,Case-2RCT_2-4,A,60,0.801943,0.026471,0.802372,0.000701,0.437063,-0.268757,0.742994,0.864744,0.12175,0.770222,0.783656,0.797716,0.819478,0.838485,0.035822,0.033009,1.077734,1.000536,1.078312,0.302327,0.046139,0.000923,0.024523,1.317758,0.389831,0.389831,0.183333,0.193402,0.205579,0.012845,0.776024,-0.647049,3.825956,0.383333,9.588315,61.841109,28.570576,0.999464,2.159484
pressure,MPa,Case-2RCT_2-4 vs Case-2RCT_2-6,Case-2RCT_2-4,Case-2RCT_2-6,双因素,,,,,,final_comm,Case-2RCT_2-6,B,60,0.804584,0.030231,0.805142,0.000914,0.123872,-0.038569,0.73894,0.876305,0.137366,0.76423,0.786019,0.806019,0.819664,0.843875,0.033645,0.037574,1.088386,1.000694,1.089141,0.236801,-0.220869,0.001409,0.031058,1.542207,0.525424,0.525424,0.266667,0.227227,0.209672,0.010628,0.598621,-0.202219,3.779978,0.266667,13.406877,43.00468,43.588442,0.999306,1.791759
pressure,MPa,Case-2RCT_2-5 vs Case-2RCT_2-6,Case-2RCT_2-5,Case-2RCT_2-6,双因素,,,,,,original,Case-2RCT_2-5,A,55,1.323177,0.062866,1.324643,0.003952,0.41606,-0.332284,1.205497,1.474584,0.269086,1.261819,1.277282,1.318619,1.364375,1.421521,0.087093,0.047511,1.113194,1.001108,1.114427,0.203238,-0.115442,0.006361,0.064809,1.609555,0.388889,0.388889,0.236364,0.183835,0.21905,0.013836,0.757073,-0.228681,4.122471,0.363636,8.765504,62.849642,28.384854,0.998893,2.70805
pressure,MPa,Case-2RCT_2-5 vs Case-2RCT_2-6,Case-2RCT_2-5,Case-2RCT_2-6,双因素,,,,,,original,Case-2RCT_2-6,B,55,1.419654,0.074023,1.421547,0.005479,0.338453,-0.043969,1.264705,1.609514,0.344809,1.323039,1.379332,1.413451,1.463647,1.508104,0.084315,0.052142,1.132227,1.001334,1.133737,0.053844,-0.035718,0.010544,0.078683,1.924375,0.518519,0.518519,0.254545,0.131977,0.243647,0.018087,0.297416,-1.025136,4.118694,0.454545,17.779055,31.330748,50.890197,0.998667,1.704748
pressure,MPa,Case-2RCT_2-5 vs Case-2RCT_2-6,Case-2RCT_2-5,Case-2RCT_2-6,双因素,,,,,,final_comm,Case-2RCT_2-5,A,55,0.950779,0.030392,0.951255,0.000924,0.456502,-0.389349,0.89742,1.027743,0.130323,0.914,0.927693,0.950202,0.969739,0.989509,0.042046,0.031965,1.080407,1.000501,1.080949,0.369786,-0.113568,0.001191,0.028394,1.289801,0.314815,0.314815,0.109091,0.215048,0.185213,0.006384,0.708176,0.010105,3.578149,0.290909,4.280257,77.930201,17.789541,0.999499,1.99243
pressure,MPa,Case-2RCT_2-5 vs Case-2RCT_2-6,Case-2RCT_2-5,Case-2RCT_2-6,双因素,,,,,,final_comm,Case-2RCT_2-6,B,55,0.979238,0.032936,0.979782,0.001085,0.128966,0.207795,0.914282,1.064619,0.150336,0.92877,0.964166,0.978226,0.995988,1.023138,0.031822,0.033635,1.086587,1.000555,1.08719,0.301974,0.104785,0.001554,0.03037,1.432703,0.37037,0.37037,0.181818,0.206467,0.197525,0.004758,0.177291,0.642616,3.43454,0.272727,5.753587,60.515086,33.731327,0.999445,1.99243
torque,N·m,Case-2RCT_2-1 vs Case-2RCT_2-2,Case-2RCT_2-1,Case-2RCT_2-2,双因素,,,,,,original,Case-2RCT_2-1,A,60,2.362409,0.232225,2.373606,0.053929,0.632204,0.595176,1.849326,3.080358,1.231031,2.127915,2.20626,2.312066,2.527303,2.678894,0.321043,0.0983,1.297754,1.00474,1.303905,-0.014513,0.081018,0.110597,0.261393,2.050804,0.576271,0.576271,0.2,0.165746,0.258534,0.016416,0.275997,-1.067361,4.290279,0.416667,8.191323,44.851587,46.95709,0.995258,2.335375
torque,N·m,Case-2RCT_2-1 vs Case-2RCT_2-2,Case-2RCT_2-1,Case-2RCT_2-2,双因素,,,,,,original,Case-2RCT_2-2,B,60,2.805696,0.18182,2.811483,0.033058,0.405441,-0.724438,2.431176,3.206522,0.775346,2.634271,2.669726,2.750899,2.967654,3.045178,0.297928,0.064804,1.140509,1.002063,1.142861,0.034774,-0.224461,0.064449,0.199055,1.949544,0.457627,0.457627,0.5,0.09222,0.255966,0.02459,0.019624,-1.351381,4.466151,0.45,23.319564,19.101752,57.578684,0.99784,2.169054
torque,N·m,Case-2RCT_2-1 vs Case-2RCT_2-2,Case-2RCT_2-1,Case-2RCT_2-2,双因素,,,,,,final_comm,Case-2RCT_2-1,A,60,2.014926,0.108532,2.017798,0.011779,0.498152,1.673405,1.693454,2.374047,0.680593,1.908366,1.954043,2.002517,2.066235,2.148309,0.112191,0.053864,1.176553,1.001425,1.17823,0.243865,0.011536,0.017912,0.100744,1.520657,0.389831,0.389831,0.2,0.197256,0.211529,0.012591,1.000328,0.1575,4.028618,0.35,7.335151,65.390171,27.274678,0.998572,2.159484
torque,N·m,Case-2RCT_2-1 vs Case-2RCT_2-2,Case-2RCT_2-1,Case-2RCT_2-2,双因素,,,,,,final_comm,Case-2RCT_2-2,B,60,2.156076,0.078687,2.157488,0.006192,0.154433,-0.69971,1.998973,2.312224,0.313251,2.065273,2.107809,2.142692,2.212033,2.270605,0.104224,0.036495,1.071721,1.000655,1.072422,0.228209,-0.318172,0.009628,0.075561,1.554921,0.389831,0.389831,0.116667,0.10744,0.222404,0.020445,0.569737,-0.87947,4.387418,0.416667,18.707396,40.226226,41.066378,0.999319,
torque,N·m,Case-2RCT_2-1 vs Case-2RCT_2-3,Case-2RCT_2-1,Case-2RCT_2-3,双因素,,,,,,original,Case-2RCT_2-1,A,60,2.362409,0.232225,2.373606,0.053929,0.632204,0.595176,1.849326,3.080358,1.231031,2.127915,2.20626,2.312066,2.527303,2.678894,0.321043,0.0983,1.297754,1.00474,1.303905,-0.014513,0.081018,0.110597,0.261393,2.050804,0.576271,0.576271,0.2,0.165746,0.258534,0.016416,0.275997,-1.067361,4.290279,0.416667,8.191323,44.851587,46.95709,0.995258,2.335375
torque,N·m,Case-2RCT_2-1 vs Case-2RCT_2-3,Case-2RCT_2-1,Case-2RCT_2-3,双因素,,,,,,original,Case-2RCT_2-3,B,60,3.125921,0.2794,3.138175,0.078064,0.523108,-0.291464,2.625816,3.775826,1.15001,2.79814,2.934306,3.074872,3.270579,3.515984,0.336273,0.089382,1.203192,1.00392,1.207909,0.079943,-0.00462,0.14521,0.308701,1.860137,0.423729,0.423729,0.133333,0.242771,0.238787,0.01756,0.182736,-1.202945,4.119593,0.383333,11.704811,41.287462,47.007727,0.996046,1.648659
torque,N·m,Case-2RCT_2-1 vs Case-2RCT_2-3,Case-2RCT_2-1,Case-2RCT_2-3,双因素,,,,,,final_comm,Case-2RCT_2-1,A,60,1.996475,0.116293,1.999803,0.013524,0.789588,2.012309,1.718355,2.419977,0.701621,1.885588,1.936733,1.977493,2.038063,2.136882,0.101331,0.058249,1.210107,1.001667,1.212125,0.130316,0.150062,0.023281,0.117883,1.721426,0.423729,0.423729,0.2,0.290769,0.236798,0.013855,1.014484,0.111873,3.767973,0.416667,5.095254,64.086546,30.818201,0.998326,1.637609
torque,N·m,Case-2RCT_2-1 vs Case-2RCT_2-3,Case-2RCT_2-1,Case-2RCT_2-3,双因素,,,,,,final_comm,Case-2RCT_2-3,B,60,2.214591,0.117595,2.217659,0.013829,0.261369,-0.965368,2.016924,2.472627,0.455703,2.072482,2.112955,2.201151,2.30469,2.37551,0.191735,0.0531,1.114971,1.001385,1.116516,0.340895,-0.107775,0.018128,0.107161,1.310871,0.423729,0.423729,0.133333,0.322474,0.204344,0.013596,1.275234,0.967711,3.613737,0.283333,7.628088,65.241258,27.130653,0.998581,1.673976
torque,N·m,Case-2RCT_2-1 vs Case-2RCT_2-4,Case-2RCT_2-1,Case-2RCT_2-4,双因素,,,,,,original,Case-2RCT_2-1,A,60,2.362409,0.232225,2.373606,0.053929,0.632204,0.595176,1.849326,3.080358,1.231031,2.127915,2.20626,2.312066,2.527303,2.678894,0.321043,0.0983,1.297754,1.00474,1.303905,-0.014513,0.081018,0.110597,0.261393,2.050804,0.576271,0.576271,0.2,0.165746,0.258534,0.016416,0.275997,-1.067361,4.290279,0.416667,8.191323,44.851587,46.95709,0.995258,2.335375
torque,N·m,Case-2RCT_2-1 vs Case-2RCT_2-4,Case-2RCT_2-1,Case-2RCT_2-4,双因素,,,,,,original,Case-2RCT_2-4,B,60,3.679693,0.291138,3.691001,0.084762,-0.075903,-0.482004,3.040498,4.317614,1.277115,3.229124,3.503979,3.663609,3.884556,4.087212,0.380578,0.07912,1.169768,1.003073,1.173363,0.032651,0.075976,0.159213,0.329102,1.878356,0.491525,0.491525,0.216667,0.168089,0.254415,0.013207,0.31099,0.111488,3.989733,0.4,11.100307,37.925608,50.974085,0.996884,1.299283
torque,N·m,Case-2RCT_2-1 vs Case-2RCT_2-4,Case-2RCT_2-1,Case-2RCT_2-4,双因素,,,,,,final_comm,Case-2RCT_2-1,A,60,1.91793,0.131438,1.922353,0.017276,0.065067,1.085959,1.498385,2.26646,0.768075,1.76624,1.842709,1.910342,1.996759,2.080995,0.15405,0.068531,1.179003,1.002306,1.181722,-0.039063,0.094756,0.036336,0.148923,2.103269,0.576271,0.576271,0.2,0.172598,0.264306,0.016997,0.289403,-1.300892,4.146835,0.416667,4.812659,50.026617,45.160724,0.997689,2.120264
torque,N·m,Case-2RCT_2-1 vs Case-2RCT_2-4,Case-2RCT_2-1,Case-2RCT_2-4,双因素,,,,,,final_comm,Case-2RCT_2-4,B,60,2.088585,0.134887,2.092864,0.018195,0.119254,-0.178232,1.752703,2.424138,0.671436,1.936962,1.991599,2.091615,2.180044,2.248701,0.188445,0.064583,1.158288,1.002049,1.160661,-0.074406,0.124971,0.037609,0.157919,2.067014,0.559322,0.559322,0.216667,0.214096,0.281167,0.015039,0.358067,-0.905874,4.121578,0.433333,5.324672,43.439625,51.235703,0.99791,1.386294
torque,N·m,Case-2RCT_2-1 vs Case-2RCT_2-5,Case-2RCT_2-1,Case-2RCT_2-5,双因素,,,,,,original,Case-2RCT_2-1,A,60,2.362409,0.232225,2.373606,0.053929,0.632204,0.595176,1.849326,3.080358,1.231031,2.127915,2.20626,2.312066,2.527303,2.678894,0.321043,0.0983,1.297754,1.00474,1.303905,-0.014513,0.081018,0.110597,0.261393,2.050804,0.576271,0.576271,0.2,0.165746,0.258534,0.016416,0.275997,-1.067361,4.290279,0.416667,8.191323,44.851587,46.95709,0.995258,2.335375
torque,N·m,Case-2RCT_2-1 vs Case-2RCT_2-5,Case-2RCT_2-1,Case-2RCT_2-5,双因素,,,,,,original,Case-2RCT_2-5,B,60,4.148063,0.293244,4.158243,0.085992,0.126787,0.653706,3.405114,4.924645,1.519532,3.811408,3.981905,4.111155,4.359755,4.492407,0.37785,0.070694,1.184309,1.002454,1.187216,-0.062058,0.17186,0.181553,0.320769,2.111277,0.457627,0.457627,0.333333,0.117075,0.268619,0.018441,-0.106449,-1.035607,4.281063,0.433333,9.419367,38.983834,51.596799,0.997529,2.00148
torque,N·m,Case-2RCT_2-1 vs Case-2RCT_2-5,Case-2RCT_2-1,Case-2RCT_2-5,双因素,,,,,,final_comm,Case-2RCT_2-1,A,60,1.922176,0.12192,1.925975,0.014865,0.726529,1.874165,1.621141,2.357907,0.736766,1.804917,1.859715,1.897513,1.973795,2.072182,0.11408,0.063428,1.224267,1.001976,1.226686,0.147713,0.086932,0.025373,0.123685,1.706983,0.457627,0.457627,0.2,0.24966,0.233096,0.013584,0.95175,-0.060768,3.899654,0.416667,4.174558,63.861411,31.964031,0.998018,2.367124
torque,N·m,Case-2RCT_2-1 vs Case-2RCT_2-5,Case-2RCT_2-1,Case-2RCT_2-5,双因素,,,,,,final_comm,Case-2RCT_2-5,B,60,2.172477,0.13938,2.176869,0.019427,0.057491,0.259312,1.838478,2.568444,0.729966,1.983771,2.083142,2.175991,2.251551,2.345176,0.168409,0.064157,1.17988,1.002022,1.182265,0.090412,0.187494,0.034805,0.148378,1.791588,0.491525,0.491525,0.233333,0.124183,0.249479,0.014854,0.757946,-0.704729,3.998818,0.433333,2.069697,64.000824,33.929479,0.997957,2.079442
torque,N·m,Case-2RCT_2-1 vs Case-2RCT_2-6,Case-2RCT_2-1,Case-2RCT_2-6,双因素,,,,,,original,Case-2RCT_2-1,A,58,2.356132,0.233687,2.367494,0.05461,0.706573,0.689658,1.849326,3.080358,1.231031,2.119605,2.202736,2.303826,2.501055,2.679477,0.298319,0.099182,1.301105,1.004822,1.307379,-0.008091,0.062197,0.110214,0.261412,2.018209,0.54386,0.54386,0.206897,0.176647,0.25741,0.016866,0.256525,-1.126163,4.217312,0.413793,9.866651,46.0405,44.092849,0.995176,2.233592
torque,N·m,Case-2RCT_2-1 vs Case-2RCT_2-6,Case-2RCT_2-1,Case-2RCT_2-6,双因素,,,,,,original,Case-2RCT_2-6,B,58,4.671192,0.359512,4.684768,0.129249,0.425153,-0.379114,3.995523,5.601141,1.605618,4.253746,4.403887,4.653241,4.933989,5.126764,0.530101,0.076964,1.195607,1.002906,1.199082,0.00621,0.038573,0.257468,0.381415,1.992035,0.491228,0.491228,0.172414,0.177021,0.252839,0.01445,0.181557,-0.67901,4.149913,0.396552,5.646943,47.925658,46.427399,0.99707,2.302585
torque,N·m,Case-2RCT_2-1 vs Case-2RCT_2-6,Case-2RCT_2-1,Case-2RCT_2-6,双因素,,,,,,final_comm,Case-2RCT_2-1,A,58,1.954258,0.118605,1.957792,0.014067,0.718393,1.958684,1.657959,2.371888,0.713928,1.84156,1.897834,1.93243,2.015378,2.08104,0.117544,0.06069,1.211511,1.001808,1.213702,0.250906,0.07734,0.02114,0.107197,1.50283,0.421053,0.421053,0.206897,0.25456,0.208972,0.010163,1.240375,1.171245,3.616691,0.293103,6.0556,72.857198,21.087202,0.998191,2.110213
torque,N·m,Case-2RCT_2-1 vs Case-2RCT_2-6,Case-2RCT_2-1,Case-2RCT_2-6,双因素,,,,,,final_comm,Case-2RCT_2-6,B,58,2.434237,0.166498,2.439826,0.027722,0.128532,-0.891243,2.135691,2.747708,0.612016,2.21936,2.310946,2.420431,2.536791,2.67901,0.225845,0.068399,1.12619,1.002296,1.128776,0.205983,0.063195,0.043365,0.160776,1.564301,0.421053,0.421053,0.241379,0.232914,0.217411,0.008718,1.068898,1.183041,3.55773,0.275862,1.258126,73.184032,25.557841,0.997692,2.833213
torque,N·m,Case-2RCT_2-2 vs Case-2RCT_2-3,Case-2RCT_2-2,Case-2RCT_2-3,双因素,,,,,,original,Case-2RCT_2-2,A,60,2.805696,0.18182,2.811483,0.033058,0.405441,-0.724438,2.431176,3.206522,0.775346,2.634271,2.669726,2.750899,2.967654,3.045178,0.297928,0.064804,1.140509,1.002063,1.142861,0.034774,-0.224461,0.064449,0.199055,1.949544,0.457627,0.457627,0.5,0.09222,0.255966,0.02459,0.019624,-1.351381,4.466151,0.45,23.319564,19.101752,57.578684,0.99784,2.169054
torque,N·m,Case-2RCT_2-2 vs Case-2RCT_2-3,Case-2RCT_2-2,Case-2RCT_2-3,双因素,,,,,,original,Case-2RCT_2-3,B,60,3.125921,0.2794,3.138175,0.078064,0.523108,-0.291464,2.625816,3.775826,1.15001,2.79814,2.934306,3.074872,3.270579,3.515984,0.336273,0.089382,1.203192,1.00392,1.207909,0.079943,-0.00462,0.14521,0.308701,1.860137,0.423729,0.423729,0.133333,0.242771,0.238787,0.01756,0.182736,-1.202945,4.119593,0.383333,11.704811,41.287462,47.007727,0.996046,1.648659
torque,N·m,Case-2RCT_2-2 vs Case-2RCT_2-3,Case-2RCT_2-2,Case-2RCT_2-3,双因素,,,,,,final_comm,Case-2RCT_2-2,A,60,2.196172,0.070351,2.197279,0.004949,0.226424,-0.454607,2.047691,2.342852,0.295161,2.110641,2.149783,2.190323,2.236571,2.296986,0.086788,0.032033,1.066251,1.000504,1.066789,0.098715,-0.207009,0.008772,0.075122,1.772354,0.423729,0.423729,0.5,0.164772,0.260623,0.024375,0.261306,-1.134829,4.223338,0.5,20.731305,28.52124,50.747454,0.99945,2.036882
torque,N·m,Case-2RCT_2-2 vs Case-2RCT_2-3,Case-2RCT_2-2,Case-2RCT_2-3,双因素,,,,,,final_comm,Case-2RCT_2-3,B,60,2.314004,0.097842,2.316037,0.009573,0.2324,-0.995013,2.150924,2.514858,0.363934,2.206012,2.230799,2.307769,2.387311,2.454236,0.156513,0.042283,1.085845,1.000879,1.086799,0.291859,0.020111,0.013331,0.09126,1.392532,0.389831,0.389831,0.133333,0.156345,0.211151,0.014568,0.857522,0.394134,4.012534,0.3,13.866309,53.177567,32.956124,0.9991,
torque,N·m,Case-2RCT_2-2 vs Case-2RCT_2-4,Case-2RCT_2-2,Case-2RCT_2-4,双因素,,,,,,original,Case-2RCT_2-2,A,60,2.805696,0.18182,2.811483,0.033058,0.405441,-0.724438,2.431176,3.206522,0.775346,2.634271,2.669726,2.750899,2.967654,3.045178,0.297928,0.064804,1.140509,1.002063,1.142861,0.034774,-0.224461,0.064449,0.199055,1.949544,0.457627,0.457627,0.5,0.09222,0.255966,0.02459,0.019624,-1.351381,4.466151,0.45,23.319564,19.101752,57.578684,0.99784,2.169054
torque,N·m,Case-2RCT_2-2 vs Case-2RCT_2-4,Case-2RCT_2-2,Case-2RCT_2-4,双因素,,,,,,original,Case-2RCT_2-4,B,60,3.679693,0.291138,3.691001,0.084762,-0.075903,-0.482004,3.040498,4.317614,1.277115,3.229124,3.503979,3.663609,3.884556,4.087212,0.380578,0.07912,1.169768,1.003073,1.173363,0.032651,0.075976,0.159213,0.329102,1.878356,0.491525,0.491525,0.216667,0.168089,0.254415,0.013207,0.31099,0.111488,3.989733,0.4,11.100307,37.925608,50.974085,0.996884,1.299283
torque,N·m,Case-2RCT_2-2 vs Case-2RCT_2-4,Case-2RCT_2-2,Case-2RCT_2-4,双因素,,,,,,final_comm,Case-2RCT_2-2,A,60,1.898029,0.090547,1.900152,0.008199,0.062771,-0.552773,1.691195,2.077863,0.386667,1.804354,1.835717,1.884294,1.965598,2.018303,0.129881,0.047706,1.093525,1.001118,1.094748,-0.068276,-0.257651,0.017662,0.106301,2.154227,0.423729,0.423729,0.5,0.10712,0.280348,0.022017,-0.039933,-1.395575,4.289198,0.466667,12.427243,28.899616,58.673141,0.998819,1.791759
torque,N·m,Case-2RCT_2-2 vs Case-2RCT_2-4,Case-2RCT_2-2,Case-2RCT_2-4,双因素,,,,,,final_comm,Case-2RCT_2-4,B,60,1.942569,0.123012,1.946396,0.015132,0.049276,0.073634,1.608179,2.238206,0.630026,1.801947,1.858501,1.940821,2.024114,2.06379,0.165613,0.063324,1.149923,1.00197,1.152188,-0.063975,0.036802,0.030647,0.141487,2.025298,0.559322,0.559322,0.216667,0.150651,0.278513,0.016106,0.262266,-1.013272,4.284418,0.433333,7.582003,39.219676,53.198321,0.997997,1.435085
torque,N·m,Case-2RCT_2-2 vs Case-2RCT_2-5,Case-2RCT_2-2,Case-2RCT_2-5,双因素,,,,,,original,Case-2RCT_2-2,A,60,2.805696,0.18182,2.811483,0.033058,0.405441,-0.724438,2.431176,3.206522,0.775346,2.634271,2.669726,2.750899,2.967654,3.045178,0.297928,0.064804,1.140509,1.002063,1.142861,0.034774,-0.224461,0.064449,0.199055,1.949544,0.457627,0.457627,0.5,0.09222,0.255966,0.02459,0.019624,-1.351381,4.466151,0.45,23.319564,19.101752,57.578684,0.99784,2.169054
torque,N·m,Case-2RCT_2-2 vs Case-2RCT_2-5,Case-2RCT_2-2,Case-2RCT_2-5,双因素,,,,,,original,Case-2RCT_2-5,B,60,4.148063,0.293244,4.158243,0.085992,0.126787,0.653706,3.405114,4.924645,1.519532,3.811408,3.981905,4.111155,4.359755,4.492407,0.37785,0.070694,1.184309,1.002454,1.187216,-0.062058,0.17186,0.181553,0.320769,2.111277,0.457627,0.457627,0.333333,0.117075,0.268619,0.018441,-0.106449,-1.035607,4.281063,0.433333,9.419367,38.983834,51.596799,0.997529,2.00148
torque,N·m,Case-2RCT_2-2 vs Case-2RCT_2-5,Case-2RCT_2-2,Case-2RCT_2-5,双因素,,,,,,final_comm,Case-2RCT_2-2,A,60,1.927599,0.07394,1.928993,0.005467,-0.056893,-0.75679,1.779915,2.059551,0.279637,1.823736,1.881395,1.926888,1.987819,2.028876,0.106425,0.038359,1.067682,1.000723,1.068454,0.153852,-0.340488,0.009162,0.076748,1.675817,0.389831,0.389831,0.5,0.122723,0.246787,0.021873,0.509203,-1.073557,4.2295,0.483333,13.34118,41.234266,45.424554,0.99923,2.70805
torque,N·m,Case-2RCT_2-2 vs Case-2RCT_2-5,Case-2RCT_2-2,Case-2RCT_2-5,双因素,,,,,,final_comm,Case-2RCT_2-5,B,60,2.042543,0.126719,2.046404,0.016058,-0.010537,0.219069,1.714844,2.387111,0.672267,1.866891,1.960652,2.0462,2.118331,2.189965,0.157679,0.06204,1.16649,1.001891,1.168696,0.133579,0.123839,0.02748,0.12593,1.711306,0.457627,0.457627,0.15,0.137113,0.239168,0.013831,0.862057,-0.500556,4.000482,0.416667,1.803048,65.800818,32.396134,0.998093,2.639057
torque,N·m,Case-2RCT_2-2 vs Case-2RCT_2-6,Case-2RCT_2-2,Case-2RCT_2-6,双因素,,,,,,original,Case-2RCT_2-2,A,58,2.801098,0.183156,2.806977,0.033546,0.471235,-0.680001,2.431176,3.206522,0.775346,2.631269,2.66934,2.740679,2.968582,3.04605,0.299243,0.065387,1.14234,1.002099,1.144737,0.001894,-0.226667,0.066431,0.203075,1.980276,0.473684,0.473684,0.5,0.1014,0.26522,0.024476,-0.07548,-1.350619,4.456179,0.465517,24.760152,17.7364,57.503448,0.997792,2.140066
torque,N·m,Case-2RCT_2-2 vs Case-2RCT_2-6,Case-2RCT_2-2,Case-2RCT_2-6,双因素,,,,,,original,Case-2RCT_2-6,B,58,4.671192,0.359512,4.684768,0.129249,0.425153,-0.379114,3.995523,5.601141,1.605618,4.253746,4.403887,4.653241,4.933989,5.126764,0.530101,0.076964,1.195607,1.002906,1.199082,0.00621,0.038573,0.257468,0.381415,1.992035,0.491228,0.491228,0.172414,0.177021,0.252839,0.01445,0.181557,-0.67901,4.149913,0.396552,5.646943,47.925658,46.427399,0.99707,2.302585
torque,N·m,Case-2RCT_2-2 vs Case-2RCT_2-6,Case-2RCT_2-2,Case-2RCT_2-6,双因素,,,,,,final_comm,Case-2RCT_2-2,A,58,2.015838,0.072126,2.017106,0.005202,0.032204,-0.922911,1.882909,2.1431,0.260191,1.913825,1.966086,2.00683,2.08173,2.11575,0.115644,0.035779,1.062463,1.000629,1.063131,0.213502,-0.280263,0.008113,0.072309,1.559537,0.403509,0.403509,0.12069,0.109647,0.234724,0.021375,0.573879,-0.939724,4.314,0.465517,21.20302,39.876779,38.920202,0.999336,2.70805
torque,N·m,Case-2RCT_2-2 vs Case-2RCT_2-6,Case-2RCT_2-2,Case-2RCT_2-6,双因素,,,,,,final_comm,Case-2RCT_2-6,B,58,2.341461,0.161057,2.346898,0.025939,0.165294,-0.946651,2.075631,2.660662,0.585031,2.12666,2.225525,2.332678,2.44394,2.564475,0.218414,0.068785,1.133693,1.002322,1.136326,0.196278,0.091797,0.041324,0.153457,1.593105,0.421053,0.421053,0.172414,0.228631,0.219263,0.008273,1.108019,1.270702,3.505158,0.275862,1.043797,72.278451,26.677752,0.997667,1.94591
torque,N·m,Case-2RCT_2-3 vs Case-2RCT_2-4,Case-2RCT_2-3,Case-2RCT_2-4,双因素,,,,,,original,Case-2RCT_2-3,A,60,3.125921,0.2794,3.138175,0.078064,0.523108,-0.291464,2.625816,3.775826,1.15001,2.79814,2.934306,3.074872,3.270579,3.515984,0.336273,0.089382,1.203192,1.00392,1.207909,0.079943,-0.00462,0.14521,0.308701,1.860137,0.423729,0.423729,0.133333,0.242771,0.238787,0.01756,0.182736,-1.202945,4.119593,0.383333,11.704811,41.287462,47.007727,0.996046,1.648659
torque,N·m,Case-2RCT_2-3 vs Case-2RCT_2-4,Case-2RCT_2-3,Case-2RCT_2-4,双因素,,,,,,original,Case-2RCT_2-4,B,60,3.679693,0.291138,3.691001,0.084762,-0.075903,-0.482004,3.040498,4.317614,1.277115,3.229124,3.503979,3.663609,3.884556,4.087212,0.380578,0.07912,1.169768,1.003073,1.173363,0.032651,0.075976,0.159213,0.329102,1.878356,0.491525,0.491525,0.216667,0.168089,0.254415,0.013207,0.31099,0.111488,3.989733,0.4,11.100307,37.925608,50.974085,0.996884,1.299283
torque,N·m,Case-2RCT_2-3 vs Case-2RCT_2-4,Case-2RCT_2-3,Case-2RCT_2-4,双因素,,,,,,final_comm,Case-2RCT_2-3,A,60,1.892867,0.09674,1.895296,0.009359,0.155557,-0.778108,1.714585,2.10092,0.386335,1.779714,1.802714,1.893436,1.95834,2.031066,0.155626,0.051108,1.108492,1.001283,1.109914,0.02453,-0.140409,0.017969,0.106891,1.920076,0.389831,0.389831,0.133333,0.115395,0.265884,0.019964,0.24475,-1.276279,4.409681,0.45,10.952761,36.752546,52.294693,0.998672,2.079442
torque,N·m,Case-2RCT_2-3 vs Case-2RCT_2-4,Case-2RCT_2-3,Case-2RCT_2-4,双因素,,,,,,final_comm,Case-2RCT_2-4,B,60,1.906609,0.121711,1.910425,0.014814,-0.104814,0.583677,1.540746,2.201149,0.660403,1.771042,1.816363,1.911592,1.981099,2.054274,0.164736,0.063836,1.152177,1.002002,1.154484,-0.040012,-0.12774,0.028779,0.134963,1.942722,0.491525,0.491525,0.216667,0.13014,0.279722,0.018622,0.193908,-1.044635,4.19017,0.483333,11.386901,32.943748,55.669351,0.997943,1.673976
torque,N·m,Case-2RCT_2-3 vs Case-2RCT_2-5,Case-2RCT_2-3,Case-2RCT_2-5,双因素,,,,,,original,Case-2RCT_2-3,A,60,3.125921,0.2794,3.138175,0.078064,0.523108,-0.291464,2.625816,3.775826,1.15001,2.79814,2.934306,3.074872,3.270579,3.515984,0.336273,0.089382,1.203192,1.00392,1.207909,0.079943,-0.00462,0.14521,0.308701,1.860137,0.423729,0.423729,0.133333,0.242771,0.238787,0.01756,0.182736,-1.202945,4.119593,0.383333,11.704811,41.287462,47.007727,0.996046,1.648659
torque,N·m,Case-2RCT_2-3 vs Case-2RCT_2-5,Case-2RCT_2-3,Case-2RCT_2-5,双因素,,,,,,original,Case-2RCT_2-5,B,60,4.148063,0.293244,4.158243,0.085992,0.126787,0.653706,3.405114,4.924645,1.519532,3.811408,3.981905,4.111155,4.359755,4.492407,0.37785,0.070694,1.184309,1.002454,1.187216,-0.062058,0.17186,0.181553,0.320769,2.111277,0.457627,0.457627,0.333333,0.117075,0.268619,0.018441,-0.106449,-1.035607,4.281063,0.433333,9.419367,38.983834,51.596799,0.997529,2.00148
torque,N·m,Case-2RCT_2-3 vs Case-2RCT_2-5,Case-2RCT_2-3,Case-2RCT_2-5,双因素,,,,,,final_comm,Case-2RCT_2-3,A,60,1.911327,0.133037,1.915874,0.017699,0.390529,-0.381459,1.682832,2.232741,0.54991,1.727563,1.811646,1.910579,1.997523,2.107409,0.185877,0.069605,1.16539,1.002379,1.168163,0.221287,-0.100679,0.027458,0.13142,1.551371,0.355932,0.355932,0.133333,0.3715,0.219504,0.013025,0.889517,-0.355919,3.459008,0.366667,3.925123,61.045585,35.029292,0.997593,2.890372
torque,N·m,Case-2RCT_2-3 vs Case-2RCT_2-5,Case-2RCT_2-3,Case-2RCT_2-5,双因素,,,,,,final_comm,Case-2RCT_2-5,B,60,1.959652,0.128952,1.963819,0.016629,0.07885,0.404162,1.636767,2.329065,0.692298,1.781732,1.887027,1.960395,2.040097,2.102317,0.153069,0.065804,1.185987,1.002127,1.18851,0.041907,0.104646,0.031641,0.131856,1.902778,0.491525,0.491525,0.233333,0.131257,0.255974,0.014455,0.638452,-0.845895,4.099308,0.45,1.819772,59.49135,38.688878,0.997852,2.251292
torque,N·m,Case-2RCT_2-3 vs Case-2RCT_2-6,Case-2RCT_2-3,Case-2RCT_2-6,双因素,,,,,,original,Case-2RCT_2-3,A,58,3.133557,0.279635,3.145795,0.078196,0.500536,-0.321734,2.625816,3.775826,1.15001,2.803139,2.934742,3.089757,3.286592,3.531112,0.351851,0.089239,1.200277,1.003906,1.204965,0.091385,-0.000751,0.143424,0.304573,1.834161,0.421053,0.421053,0.137931,0.195318,0.234098,0.020159,0.169092,-1.216295,4.200614,0.37931,20.060905,37.905561,42.033534,0.996041,1.648659
torque,N·m,Case-2RCT_2-3 vs Case-2RCT_2-6,Case-2RCT_2-3,Case-2RCT_2-6,双因素,,,,,,original,Case-2RCT_2-6,B,58,4.671192,0.359512,4.684768,0.129249,0.425153,-0.379114,3.995523,5.601141,1.605618,4.253746,4.403887,4.653241,4.933989,5.126764,0.530101,0.076964,1.195607,1.002906,1.199082,0.00621,0.038573,0.257468,0.381415,1.992035,0.491228,0.491228,0.172414,0.177021,0.252839,0.01445,0.181557,-0.67901,4.149913,0.396552,5.646943,47.925658,46.427399,0.99707,2.302585
torque,N·m,Case-2RCT_2-3 vs Case-2RCT_2-6,Case-2RCT_2-3,Case-2RCT_2-6,双因素,,,,,,final_comm,Case-2RCT_2-3,A,58,2.082085,0.131176,2.086142,0.017207,0.589402,-0.101451,1.877971,2.452314,0.574342,1.920396,1.977634,2.080452,2.146946,2.271569,0.169311,0.063002,1.175526,1.001949,1.177817,0.23591,-0.033918,0.026798,0.133008,1.557393,0.350877,0.350877,0.137931,0.414418,0.213679,0.013054,0.914959,-0.269731,3.381688,0.37931,7.090781,67.845885,25.063334,0.998039,2.014903
torque,N·m,Case-2RCT_2-3 vs Case-2RCT_2-6,Case-2RCT_2-3,Case-2RCT_2-6,双因素,,,,,,final_comm,Case-2RCT_2-6,B,58,2.359332,0.166645,2.365109,0.02777,0.077421,-0.691263,2.034667,2.707043,0.672376,2.141512,2.238351,2.356522,2.485262,2.593729,0.24691,0.070632,1.144574,1.002448,1.147377,0.11494,0.071155,0.048232,0.170216,1.736799,0.421053,0.421053,0.241379,0.200269,0.234499,0.011543,0.731064,-0.361407,3.779181,0.396552,1.018806,65.78964,33.191553,0.997544,1.94591
torque,N·m,Case-2RCT_2-4 vs Case-2RCT_2-5,Case-2RCT_2-4,Case-2RCT_2-5,双因素,,,,,,original,Case-2RCT_2-4,A,60,3.679693,0.291138,3.691001,0.084762,-0.075903,-0.482004,3.040498,4.317614,1.277115,3.229124,3.503979,3.663609,3.884556,4.087212,0.380578,0.07912,1.169768,1.003073,1.173363,0.032651,0.075976,0.159213,0.329102,1.878356,0.491525,0.491525,0.216667,0.168089,0.254415,0.013207,0.31099,0.111488,3.989733,0.4,11.100307,37.925608,50.974085,0.996884,1.299283
torque,N·m,Case-2RCT_2-4 vs Case-2RCT_2-5,Case-2RCT_2-4,Case-2RCT_2-5,双因素,,,,,,original,Case-2RCT_2-5,B,60,4.148063,0.293244,4.158243,0.085992,0.126787,0.653706,3.405114,4.924645,1.519532,3.811408,3.981905,4.111155,4.359755,4.492407,0.37785,0.070694,1.184309,1.002454,1.187216,-0.062058,0.17186,0.181553,0.320769,2.111277,0.457627,0.457627,0.333333,0.117075,0.268619,0.018441,-0.106449,-1.035607,4.281063,0.433333,9.419367,38.983834,51.596799,0.997529,2.00148
torque,N·m,Case-2RCT_2-4 vs Case-2RCT_2-5,Case-2RCT_2-4,Case-2RCT_2-5,双因素,,,,,,final_comm,Case-2RCT_2-4,A,60,2.411644,0.135199,2.415368,0.018279,0.014505,0.207235,2.035376,2.728231,0.692854,2.265944,2.314477,2.405021,2.48847,2.574655,0.173992,0.056061,1.12953,1.001544,1.131274,0.002969,0.057737,0.034115,0.143936,1.866368,0.457627,0.457627,0.216667,0.252749,0.271074,0.014553,0.421562,-0.469045,3.90351,0.433333,7.716928,40.934927,51.348144,0.998427,1.832581
torque,N·m,Case-2RCT_2-4 vs Case-2RCT_2-5,Case-2RCT_2-4,Case-2RCT_2-5,双因素,,,,,,final_comm,Case-2RCT_2-5,B,60,2.558627,0.132117,2.561979,0.017455,-0.113413,-0.065096,2.241029,2.885133,0.644104,2.381297,2.48146,2.558518,2.641157,2.723479,0.159697,0.051636,1.126134,1.00131,1.12761,-0.129925,0.2199,0.039058,0.151469,2.237665,0.525424,0.525424,0.2,0.114768,0.286846,0.017387,0.0408,-1.13051,4.182179,0.45,4.589328,43.835375,51.575297,0.998672,2.890372
torque,N·m,Case-2RCT_2-4 vs Case-2RCT_2-6,Case-2RCT_2-4,Case-2RCT_2-6,双因素,,,,,,original,Case-2RCT_2-4,A,58,3.669346,0.289514,3.680553,0.083819,-0.035409,-0.43974,3.040498,4.317614,1.277115,3.22868,3.4977,3.65723,3.877104,4.070659,0.379403,0.078901,1.173088,1.003054,1.176671,0.034007,0.02273,0.157407,0.325462,1.877945,0.491228,0.491228,0.258621,0.184866,0.246712,0.014818,0.379261,-0.300389,4.103633,0.413793,14.550346,36.681283,48.768371,0.996911,1.203973
torque,N·m,Case-2RCT_2-4 vs Case-2RCT_2-6,Case-2RCT_2-4,Case-2RCT_2-6,双因素,,,,,,original,Case-2RCT_2-6,B,58,4.671192,0.359512,4.684768,0.129249,0.425153,-0.379114,3.995523,5.601141,1.605618,4.253746,4.403887,4.653241,4.933989,5.126764,0.530101,0.076964,1.195607,1.002906,1.199082,0.00621,0.038573,0.257468,0.381415,1.992035,0.491228,0.491228,0.172414,0.177021,0.252839,0.01445,0.181557,-0.67901,4.149913,0.396552,5.646943,47.925658,46.427399,0.99707,2.302585
torque,N·m,Case-2RCT_2-4 vs Case-2RCT_2-6,Case-2RCT_2-4,Case-2RCT_2-6,双因素,,,,,,final_comm,Case-2RCT_2-4,A,58,2.475283,0.128243,2.478546,0.016446,0.184885,-0.047014,2.163145,2.772874,0.609729,2.331094,2.39703,2.47068,2.554711,2.634598,0.157682,0.05181,1.11875,1.001318,1.120225,0.084378,0.046124,0.028847,0.132075,1.753983,0.491228,0.491228,0.206897,0.12649,0.239125,0.014726,0.653595,-0.162043,4.079424,0.413793,14.496718,44.612622,40.890659,0.998664,1.94591
torque,N·m,Case-2RCT_2-4 vs Case-2RCT_2-6,Case-2RCT_2-4,Case-2RCT_2-6,双因素,,,,,,final_comm,Case-2RCT_2-6,B,58,2.819998,0.173672,2.825249,0.030162,0.36706,-0.805207,2.537974,3.194196,0.656223,2.622451,2.683637,2.806647,2.936188,3.079046,0.252551,0.061586,1.130589,1.001862,1.132694,0.104972,-0.028315,0.053931,0.176993,1.788042,0.473684,0.473684,0.172414,0.187532,0.236759,0.009966,0.630206,0.514449,3.724238,0.293103,2.930917,55.967502,41.101581,0.998123,2.70805
torque,N·m,Case-2RCT_2-5 vs Case-2RCT_2-6,Case-2RCT_2-5,Case-2RCT_2-6,双因素,,,,,,original,Case-2RCT_2-5,A,58,4.143928,0.292028,4.154028,0.085281,0.126594,0.772806,3.405114,4.924645,1.519532,3.811383,3.984383,4.111155,4.347674,4.45021,0.363291,0.070471,1.185511,1.002437,1.1884,-0.046551,0.151731,0.180582,0.317204,2.117499,0.438596,0.438596,0.189655,0.112274,0.260712,0.017568,-0.073346,-1.002903,4.09871,0.413793,9.731235,44.400489,45.868276,0.997558,1.88707
torque,N·m,Case-2RCT_2-5 vs Case-2RCT_2-6,Case-2RCT_2-5,Case-2RCT_2-6,双因素,,,,,,original,Case-2RCT_2-6,B,58,4.671192,0.359512,4.684768,0.129249,0.425153,-0.379114,3.995523,5.601141,1.605618,4.253746,4.403887,4.653241,4.933989,5.126764,0.530101,0.076964,1.195607,1.002906,1.199082,0.00621,0.038573,0.257468,0.381415,1.992035,0.491228,0.491228,0.172414,0.177021,0.252839,0.01445,0.181557,-0.67901,4.149913,0.396552,5.646943,47.925658,46.427399,0.99707,2.302585
torque,N·m,Case-2RCT_2-5 vs Case-2RCT_2-6,Case-2RCT_2-5,Case-2RCT_2-6,双因素,,,,,,final_comm,Case-2RCT_2-5,A,58,2.826186,0.12849,2.829055,0.01651,0.250052,0.967285,2.51946,3.220857,0.701397,2.680513,2.745992,2.827327,2.899193,2.955106,0.153201,0.045464,1.138492,1.001015,1.139648,0.316825,0.266474,0.022842,0.113478,1.383535,0.403509,0.403509,0.189655,0.231334,0.195773,0.010048,0.778756,0.903999,3.411821,0.241379,9.062607,76.551169,14.386224,0.998983,2.639057
torque,N·m,Case-2RCT_2-5 vs Case-2RCT_2-6,Case-2RCT_2-5,Case-2RCT_2-6,双因素,,,,,,final_comm,Case-2RCT_2-6,B,58,3.049577,0.151512,3.053273,0.022956,0.188647,-0.790508,2.746094,3.353679,0.607586,2.855973,2.936807,3.048552,3.148351,3.258332,0.211544,0.049683,1.098388,1.001212,1.09972,0.273823,0.0631,0.032483,0.137905,1.415014,0.421053,0.421053,0.172414,0.201553,0.20282,0.008911,0.665409,0.870225,3.729718,0.275862,5.708207,69.472031,24.819763,0.998784,2.564949
